[
  {
    "id": "ff04d1a3-d11a-4206-aeca-4d78d9aa5077",
    "data": [
      {
        "text": "Preciso cancelar o ",
        "userDefined": false
      },
      {
        "text": "banho",
        "alias": "servico",
        "meta": "@servico",
        "userDefined": false
      }
    ],
    "isTemplate": false,
    "count": 0
  },
  {
    "id": "6676fa8a-719e-428a-b20c-dc5bcaa2df2d",
    "data": [
      {
        "text": "Cancela o ",
        "userDefined": false
      },
      {
        "text": "banho",
        "alias": "servico",
        "meta": "@servico",
        "userDefined": false
      }
    ],
    "isTemplate": false,
    "count": 0
  },
  {
    "id": "f6f63564-b298-4246-8f81-8eb43dd19a3b",
    "data": [
      {
        "text": "Quero cancelar o ",
        "userDefined": false
      },
      {
        "text": "banho",
        "alias": "servico",
        "meta": "@servico",
        "userDefined": false
      },
      {
        "text": " do meu ",
        "userDefined": false
      },
      {
        "text": "cachorro",
        "alias": "animal",
        "meta": "@animal",
        "userDefined": false
      }
    ],
    "isTemplate": false,
    "count": 0
  },
  {
    "id": "6db95523-5dde-4224-bc09-3276aea2f8bc",
    "data": [
      {
        "text": "Quero cancelar ",
        "userDefined": false
      },
      {
        "text": "banho",
        "alias": "servico",
        "meta": "@servico",
        "userDefined": false
      },
      {
        "text": " e ",
        "userDefined": false
      },
      {
        "text": "tosa",
        "alias": "servico1",
        "meta": "@servico",
        "userDefined": false
      }
    ],
    "isTemplate": false,
    "count": 0
  }
]