[
  {
    "id": "2dbdf648-ca93-45bc-8b2c-08b6226e22e1",
    "data": [
      {
        "text": "claro",
        "userDefined": false
      }
    ],
    "isTemplate": false,
    "count": 2,
    "updated": 1497435677
  },
  {
    "id": "8f732e06-21a1-45f9-8d3f-d3d8fc1fcbe4",
    "data": [
      {
        "text": "concordo",
        "userDefined": false
      }
    ],
    "isTemplate": false,
    "count": 0,
    "updated": 1497435677
  },
  {
    "id": "e290ab61-ddf4-4cd3-aeb9-6cbc29300484",
    "data": [
      {
        "text": "exatamente",
        "userDefined": false
      }
    ],
    "isTemplate": false,
    "count": 1,
    "updated": 1497435677
  },
  {
    "id": "82e64cf8-e30e-41c7-9522-b6579c4a4540",
    "data": [
      {
        "text": "confirmar",
        "userDefined": false
      }
    ],
    "isTemplate": false,
    "count": 3,
    "updated": 1497435677
  },
  {
    "id": "bc4761d0-c5ba-42e6-b565-afa285d1410c",
    "data": [
      {
        "text": "com certeza",
        "userDefined": false
      }
    ],
    "isTemplate": false,
    "count": 0,
    "updated": 1497435677
  },
  {
    "id": "ddf4f260-52e2-42b3-8142-1ad017edc2d6",
    "data": [
      {
        "text": "parece bom",
        "userDefined": false
      }
    ],
    "isTemplate": false,
    "count": 1,
    "updated": 1497435677
  },
  {
    "id": "5249f28b-24e9-413e-a8ba-bed8c173c242",
    "data": [
      {
        "text": "faça isso",
        "userDefined": false
      }
    ],
    "isTemplate": false,
    "count": 0,
    "updated": 1497435677
  },
  {
    "id": "f9678924-b388-45b4-ba41-ec7d73aa6669",
    "data": [
      {
        "text": "sim",
        "userDefined": false
      }
    ],
    "isTemplate": false,
    "count": 3,
    "updated": 1497435677
  },
  {
    "id": "3e0e6baa-3757-4c2b-a8a3-6440a01d11fc",
    "data": [
      {
        "text": "isso mesmo",
        "userDefined": false
      }
    ],
    "isTemplate": false,
    "count": 1,
    "updated": 1497435677
  }
]