[
  {
    "id": "68b28bbc-3601-43af-9d98-aab43a8c9b42",
    "data": [
      {
        "text": "Quero adotar ",
        "userDefined": false
      },
      {
        "text": "um",
        "meta": "@sys.ignore",
        "userDefined": false
      },
      {
        "text": " ",
        "userDefined": false
      },
      {
        "text": "cachorro",
        "alias": "animal",
        "meta": "@animal",
        "userDefined": false
      }
    ],
    "isTemplate": false,
    "count": 0
  },
  {
    "id": "6969104b-84c1-48a7-9ccf-1026ae7dfc87",
    "data": [
      {
        "text": "Tem ",
        "userDefined": false
      },
      {
        "text": "cachorro",
        "alias": "animal",
        "meta": "@animal",
        "userDefined": false
      },
      {
        "text": " para eu adotar",
        "userDefined": false
      }
    ],
    "isTemplate": false,
    "count": 0
  },
  {
    "id": "3627e2fd-0f18-4446-8bcf-5edb4b84bfcf",
    "data": [
      {
        "text": "Eu quero ",
        "userDefined": false
      },
      {
        "text": "um",
        "meta": "@sys.ignore",
        "userDefined": false
      },
      {
        "text": " ",
        "userDefined": false
      },
      {
        "text": "cachorro",
        "alias": "animal",
        "meta": "@animal",
        "userDefined": false
      }
    ],
    "isTemplate": false,
    "count": 0
  }
]