[
  {
    "id": "b9a567ba-187c-4622-b4a7-13d9ebb8c56a",
    "data": [
      {
        "text": "Meu ",
        "userDefined": false
      },
      {
        "text": "cachorro",
        "alias": "animal",
        "meta": "@animal",
        "userDefined": false
      },
      {
        "text": " sumiu",
        "userDefined": false
      }
    ],
    "isTemplate": false,
    "count": 0
  },
  {
    "id": "93d3872c-eb88-40e6-b48a-43700017a49e",
    "data": [
      {
        "text": "Eu perdi meu ",
        "userDefined": false
      },
      {
        "text": "cachorro",
        "alias": "animal",
        "meta": "@animal",
        "userDefined": false
      }
    ],
    "isTemplate": false,
    "count": 0
  },
  {
    "id": "be5fe897-7120-454f-b0c9-a9f89a12da45",
    "data": [
      {
        "text": "Perdi meu ",
        "userDefined": false
      },
      {
        "text": "cachorro",
        "alias": "animal",
        "meta": "@animal",
        "userDefined": false
      }
    ],
    "isTemplate": false,
    "count": 0
  }
]