[
  {
    "id": "3ca4e077-4d0f-4213-b86c-90be159c8f75",
    "data": [
      {
        "text": "Tem horário disponível ",
        "userDefined": false
      },
      {
        "text": "amanhã",
        "alias": "date-time",
        "meta": "@sys.date-time",
        "userDefined": false
      }
    ],
    "isTemplate": false,
    "count": 0
  },
  {
    "id": "343d25bf-ef74-4907-b434-a9147490f98c",
    "data": [
      {
        "text": "Tem horário para ",
        "userDefined": false
      },
      {
        "text": "banho",
        "alias": "servico",
        "meta": "@servico",
        "userDefined": false
      },
      {
        "text": " e ",
        "userDefined": false
      },
      {
        "text": "tosa",
        "alias": "servico1",
        "meta": "@servico",
        "userDefined": false
      },
      {
        "text": " ",
        "userDefined": false
      },
      {
        "text": "sexta",
        "alias": "date-time",
        "meta": "@sys.date-time",
        "userDefined": false
      }
    ],
    "isTemplate": false,
    "count": 0
  }
]